Cuenta;Nombre;Naturaleza;Cta Mayor;Cta Activa;Nivel;Tercero;Auxiliar;C. Costo
;;;;;;;;
1;ACTIVO                                  ;D;              ;S;0;S;N;N
11;DISPONIBLE                              ;D;1;S;1;S;N;N
1105;CAJA                                    ;D;11;S;2;S;N;N
110504;CAJA C-10                               ;D;1105;S;3;N;S;N
110505;CAJA GENERAL                            ;D;1105;S;3;S;S;N
110506;CAJA CREACION EMPRESA                   ;D;1105;S;3;N;S;N
110510;CAJAS MENOR                             ;D;1105;S;3;N;S;N
1110;BANCOS                                  ;D;11;S;2;S;N;N
111001;NACIONALES                              ;D;1110;S;0;S;N;N
11100101;BANCOLOMBIA CTA CTE                     ;D;111001;S;0;S;S;N
111005;MONEDA NACIONAL                         ;D;1110;S;3;S;N;N
1120;CUENTAS DE AHORROS                      ;D;11;S;2;S;N;N
112005;BANCOS                                  ;D;1120;S;3;S;N;N
11200502;DAVIVIENDA CTA AH. 108900116279         ;D;112005;S;4;S;S;N
11200503;FIDUCIARIA SUPERIOR 6024                ;D;112005;S;4;S;S;N
112010;CORPORACIONES DE AHORRO Y VIVIENDA      ;D;1120;S;3;S;N;N
12;INVERSIONES                             ;D;1;S;1;S;N;N
1205;ACCIONES                                ;D;12;S;2;S;N;N
1220;CEDULAS                                 ;D;12;S;0;S;N;N
1225;CERTIFICADOS                            ;D;12;S;2;S;N;N
122505;CERTIFICADOS DE DEPOSITO A TERMINO      ;D;1225;S;3;S;N;N
122515;CERTIFICADOS DE AHORROS DE VALOR CONST  ;D;1225;S;3;S;N;N
1245;DERECHOS FIDUCIARIOS                    ;D;12;S;2;N;N;N
124505;DERECHOS FIIDUCIARIOS DE INVERSION DAVIV;D;1245;S;3;N;S;N
1295;OTRAS INVERSIONES                       ;D;12;S;0;S;N;N
129501;OTROS                                   ;D;1295;S;3;S;S;N
129505;APORTES EN COOPERATIVAS                 ;D;1295;S;0;S;S;N
1299;PROVISIONES                             ;C;12;S;2;S;N;N
13;DEUDORES                                ;D;1;S;1;S;N;N
1305;CLIENTES                                ;D;13;S;2;S;N;N
130505;NACIONALES                              ;D;1305;S;3;S;S;N
130510;CXC CLIENTES ALIANZA SISTECREDITO       ;D;1305;S;0;S;S;N
1325;CUENTAS POR COBRAR A SOCIOS Y ACCIONISTA;D;13;S;2;S;N;N
132505;A SOCIOS                                ;D;1325;S;3;S;N;N
13250501;PRESTAMO A SOCIOS                       ;D;132505;S;4;S;S;S
1330;ANTICIPOS Y AVANCES                     ;D;13;S;2;S;N;N
133005;A PROVEEDORES                           ;D;1330;S;3;S;S;N
133010;A CONTRATISTAS                          ;D;1330;S;3;S;N;N
13301001;PARA DISE�O DE PAGINAS                  ;D;133010;S;4;S;S;N
13301002;ARREGLOS LOCATIVOS                      ;D;133010;S;4;S;S;N
13301009;OTROS                                   ;D;133010;S;4;S;S;N
133015;ANTICIPO EMPLEADOS                      ;D;1330;S;3;S;S;N
133020;ANTICIPO DE VACACIONES                  ;D;1330;S;3;S;S;S
133025;A CONCESIONARIOS                        ;D;1330;S;3;S;N;N
1335;DEPOSITOS                               ;D;13;S;2;S;N;N
133510;PARA SERVICIOS                          ;D;1335;S;3;S;N;N
1340;PROMESAS DE COMPRA VENTA                ;D;13;S;0;S;N;N
134005;DE BIENES RAICES                        ;D;1340;S;0;S;S;N
1345;INGRESOS POR COBRAR                     ;D;13;S;2;S;N;N
134510;INTERESES                               ;D;1345;S;3;S;N;N
134520;HONORARIOS                              ;D;1345;S;3;S;N;N
1355;ANTICIPO DE IMPTOS Y CONTRIBUCIONES     ;D;13;S;2;S;N;N
135505;ANTICIPO DE RENTA                       ;D;1355;S;0;S;S;N
135510;ANTICIPO DE IMPTO DE INDUSTRIA Y CIO    ;D;1355;S;3;N;N;N
13551001;ANTICIPO DE IMPTO DE INDUSTRIA Y CIO    ;D;135510;S;4;S;S;N
13551002;ANTICIPO DE IMPTO DE INDUSTRIA Y CIO TAR;D;135510;S;4;S;S;N
135515;ANTICIPO DE RTE FTE                     ;D;1355;S;3;S;N;N
13551501;ANTCIPO RETE FTE 2.5%                   ;D;135515;S;4;S;S;N
13551502;ANTICIPO RETE FTE TARJETAS              ;D;135515;S;4;S;S;N
13551503;ANTICIPO DE RTE FTE 1%                  ;D;135515;S;4;S;S;N
13551504;HONORARIOS 11%                          ;D;135515;S;4;S;S;N
135517;IVA RETENIDO 15%                        ;D;1355;S;0;N;N;N
13551701;IVA RETENIDO 15%                        ;D;135517;S;4;S;S;N
13551702;IVA RETENIDO 15% TARJETAS               ;D;135517;S;4;S;S;N
135518;IMPUESTO DE INDUSTRIA Y COMERCIO RETENID;D;1355;S;0;N;N;N
13551801;ANT. IND Y COMERCIO NORMA ANTERIOR      ;D;135518;S;4;S;S;N
13551802;ANT. IND Y CIO X TARJETAS CREDITO       ;D;135518;S;4;S;S;N
13551803;AUTORETENCION ICA                       ;D;135518;S;4;S;S;N
13551804;ANTICIPO DE IMPTO IND Y CIO BGA         ;D;135518;S;4;N;N;N
1355180401;ANTICIPO IND Y CIO BGA (4.8 X 1000)     ;D;13551804;S;5;S;S;N
1355180402;ANTICIPO IND Y CIO X AVISOS Y TABLEROS  ;D;13551804;S;5;S;S;N
1355180403;ANTICIPO IND Y CIO X SOBRETASA B. (10%) ;D;13551804;S;5;S;S;N
13551805;AUTORRETENCION DE ICA MUN. BGA          ;D;135518;S;4;N;N;N
1355180501;AUTORRETENCION ICA TARIFA 4.8X1000      ;D;13551805;S;5;S;S;N
1355180502;AUTORRETENCION AVISOS Y TABLEROS (15%)  ;D;13551805;S;5;S;S;N
1355180503;AUTORRETENCION SOBRETASA B. (10%)       ;D;13551805;S;5;S;S;N
135530;Impuestos Descontables                  ;D;1355;S;3;S;S;N
135535;Otros                                   ;D;1355;S;3;S;S;N
135575;AUTORRETENCION CREE                     ;D;1355;S;3;N;N;N
13557501;AUTORETENCION CREE 0.4% POR VENTAS      ;D;135575;S;4;S;S;N
135595;OTROS                                   ;D;1355;S;0;S;S;N
1360;RECLAMACIONES                           ;D;13;S;2;S;N;N
136095;OTRAS                                   ;D;1360;S;3;S;N;N
13609501;INCAPACIDADES                           ;D;136095;S;4;S;S;S
1365;CUENTAS POR COBRAR A TRABAJADORES       ;D;13;S;2;S;N;N
136595;OTROS                                   ;D;1365;S;3;S;S;N
1370;PRESTAMOS A PARTICULARES                ;D;13;S;2;S;N;N
137001;PRESTAMO A TERCEROS                     ;D;1370;S;3;S;S;S
1380;DEUDORES VARIOS                         ;D;13;S;2;S;N;N
138095;OTROS                                   ;D;1380;S;3;S;N;N
13809501;PARTICULARES                            ;D;138095;S;4;S;S;N
13809502;TARJETAS DATAFONO                       ;D;138095;S;4;S;S;N
138096;LICENCIA DE MATERNIDAD                  ;D;1380;S;0;S;S;N
1390;DEUDAS DE DIFICIL COBRO                 ;D;13;S;2;S;N;N
1399;PROVISIONES                             ;C;13;S;2;S;N;N
14;INVENTARIOS                             ;D;1;S;1;S;N;N
1430;Productos Terminados                    ;D;14;S;2;S;N;N
143099;Ajuste por Inflacion                    ;D;1430;S;3;S;S;N
1435;MERCANCIAS NO FABRICADAS POR LA EMPRESA ;D;14;S;0;S;N;N
143542;MERCANCIAS NO FABRICADAS POR LA EMPRESA ;D;1435;S;0;S;N;N
14354201;MERCANCIAS NO FABRICADAS POR LA EMPRESA ;D;143542;S;0;S;N;N
1435420101;COMPRAS GRAVADAS                        ;D;14354201;S;0;S;S;N
1435420102;COMPRAS NO GRAVADAS                     ;D;14354201;S;0;S;S;N
1435420103;COMPRAS GRAVADAS DEL 5%                 ;D;14354201;S;5;S;S;N
14354202;COSTO DE VENTAS                         ;D;143542;S;0;S;N;N
1435420201;COSTO DE VENTAS GRAVADO                 ;D;14354202;S;0;S;S;N
1435420202;COSTO DE VENTAS NO GRAVADO              ;D;14354202;S;0;S;S;N
1440;Bienes Raices                           ;D;14;S;2;S;N;N
144099;Ajuste por inflacion                    ;D;1440;S;3;S;N;N
1450;Terrenos                                ;D;14;S;2;S;N;N
1455;Materiales Repuestos y ascesorios       ;D;14;S;2;S;N;N
145505;Lubricantes                             ;D;1455;S;3;S;N;N
145599;Ajuste Por Inflacion                    ;D;1455;S;3;S;N;N
15;PROPIEDADES PLANTA Y EQUIPO             ;D;1;S;1;S;N;N
1504;TERRENOS                                ;D;15;S;0;S;N;N
150401;LOTE 1.100 MTS MESA DE LOS SANTOS       ;D;1504;S;0;S;S;N
1516;CONSTRUCCIONES Y EDIFICACIONES          ;D;15;S;2;S;N;N
151605;EDIFICIOS                               ;D;1516;S;3;S;N;N
15160501;50% CASA CRA 14W NO. 60-36 CASA D-08    ;D;151605;S;0;S;S;N
1520;MAQUINARIA Y EQUIPO                     ;D;15;S;2;S;N;N
152010;MAQUINARIA Y QUIPO                      ;D;1520;S;3;S;N;N
15201001;COSTO                                   ;D;152010;S;0;S;S;N
15201002;IVAS MAYOR VALOR COSTO                  ;D;152010;S;0;S;S;N
152099;AJUSTES POR INFLACION                   ;D;1520;S;3;S;S;N
1524;EQUIPO DE OFICINA                       ;D;15;S;2;S;N;N
152405;MUEBLES Y ENSERES                       ;D;1524;S;3;S;N;N
15240501;COSTO                                   ;D;152405;S;0;S;S;N
15240502;IVAS MAYOR VALOR COSTO                  ;D;152405;S;0;S;S;N
152410;EQUIPOS                                 ;D;1524;S;0;S;N;N
15241001;COSTO                                   ;D;152410;S;0;S;S;N
15241002;IVAS MAYOR VALOR COSTO                  ;D;152410;S;0;S;S;N
152415;Otros                                   ;D;1524;S;3;S;S;N
152495;OTROS                                   ;D;1524;S;0;S;N;N
15249501;COSTO                                   ;D;152495;S;0;S;S;N
15249502;IVAS MAYOR VALOR COSTO                  ;D;152495;S;0;S;S;N
152499;AJUSTES POR INFLACION                   ;D;1524;S;3;S;N;N
1528;EQUIPO DE COMPUTO Y COMUNICACION        ;D;15;S;2;S;N;N
152805;EQUIPO DE PROCESAMIENTO DE DATOS        ;D;1528;S;3;S;N;N
15280501;COSTO                                   ;D;152805;S;4;S;S;N
15280502;IVAS MAYOR VALOR COSTO                  ;D;152805;S;0;S;S;N
152810;EQUIPO DE TELECOMUNICACIONES            ;D;1528;S;3;S;N;N
15281001;COSTO                                   ;D;152810;S;0;S;S;N
15281002;IVAS MAYOR VALOR COSTO                  ;D;152810;S;0;S;S;N
152825;LINEAS TELEFONICAS                      ;D;1528;S;3;S;S;N
152895;OTROS                                   ;D;1528;S;0;S;N;N
15289501;COSTO                                   ;D;152895;S;0;S;S;N
15289502;IVAS MAYOR VALOR COSTO                  ;D;152895;S;0;S;S;N
1532;EQUIPO MEDICO CIENTIFICO                ;D;15;S;2;S;N;N
153215;LABORATORIO                             ;D;1532;S;3;S;S;N
153299;AJUSTES POR INFLACION                   ;D;1532;S;3;S;S;N
1540;FLOTA Y EQUIPO DE TRANSPORTE            ;D;15;S;2;S;N;N
154005;AUTOS  CAMIONETAS Y CAMPEROS            ;D;1540;S;0;S;N;N
15400501;COSTO                                   ;D;154005;S;0;S;S;N
15400502;IVAS MAYOR VALOR COSTO                  ;D;154005;S;0;S;S;N
154099;AJUSTES POR INFLACION                   ;D;1540;S;3;S;S;N
1592;DEPRECIACION ACUMULADA                  ;C;15;S;2;S;N;N
159205;CONSTRUCCIONES Y EDIFICACIONES          ;C;1592;S;3;S;S;N
159210;MAQUINARIA Y EQUIPO                     ;C;1592;S;3;S;N;N
159215;EQUIPO DE OFICINA                       ;C;1592;S;3;S;S;N
159216;CONSTRUCCIONES Y EDIFICACIONES          ;C;1592;S;0;S;S;N
159220;MAQUINARIA Y EQUIPO                     ;C;1592;S;3;S;S;N
159224;EQUIPO DE OFICINA                       ;C;1592;S;0;S;S;N
159225;EQUIPO MEDICO-CIENTIFICO                ;C;1592;S;3;S;S;N
159228;EQUIPO DE COMPUTO Y TELECOMUNICACIONES  ;C;1592;S;0;S;S;N
159235;FLOTA Y EQUIPO DE TRANSPORTE            ;C;1592;S;3;S;S;N
159240;FLOTA Y EQUIPO DE TRANSPORTE            ;C;1592;S;0;S;S;N
159299;AJUSTES POR INFLACION                   ;C;1592;S;3;S;S;N
16;INTANGIBLES                             ;D;1;S;0;S;N;N
1635;LICENCIAS                               ;D;16;S;0;S;N;N
163501;SOFTLAND                                ;D;1635;S;0;S;S;N
17;DIFERIDOS                               ;D;1;S;1;S;N;N
1705;GASTOS PAGADOS POR ANTICIPADO           ;D;17;S;2;S;N;N
170501;ANTICIPOS DE COMPRA                     ;D;1705;S;0;S;S;N
170505;INTERESES                               ;D;1705;S;3;S;S;N
170520;SEGUROS Y FIANZAS                       ;D;1705;S;3;S;S;N
170595;OTROS                                   ;D;1705;S;0;S;S;N
1710;CARGOS DIFERIDOS                        ;D;17;S;2;S;N;N
171016;PROGRAMAS PARA COMPUTADORES(SOFTWARE)   ;D;1710;S;3;S;S;N
171020;UTILES Y PAPELERIA                      ;D;1710;S;3;S;S;N
171048;ELEMENTOS DE ASEO Y CAFETERIA           ;D;1710;S;3;S;S;N
171095;OTROS                                   ;D;1710;S;3;S;S;N
171099;AJUSTES POR INFLACION                   ;D;1710;S;3;S;S;N
18;OTROS ACTIVOS                           ;D;1;S;1;S;N;N
1895;DIVERSOS                                ;D;18;S;2;S;N;N
189560;ELEMENTOS DE ROPERIA Y LENCERIA         ;D;1895;S;3;S;S;N
189595;OTROS                                   ;D;1895;S;3;S;S;N
189599;AJUSTES POR INFLACION                   ;D;1895;S;3;S;S;N
19;VALORIZACIONES                          ;D;1;S;0;S;N;N
1910;DE PROPIEDADES                          ;D;19;S;0;S;N;N
191008;CONSTRUCCIONES Y EDIFICACIONES          ;D;1910;S;0;S;S;N
2;PASIVO                                  ;C;              ;S;0;S;N;N
21;OBLIGACIONES FINANCIERAS                ;C;2;S;1;S;N;N
2105;NACIONALES                              ;C;21;S;2;S;N;N
210510;PAGARES                                 ;C;2105;S;3;S;N;N
21051001;DAVIVIENDA CREDITO 1                    ;C;210510;S;4;S;S;S
21051002;BANCOLOMBIA ROTATIVO                    ;C;210510;S;0;S;S;N
21051003;DAVIVIENDA CREDITO #4029                ;C;210510;S;4;S;S;S
21051004;DAVIVIENDA CREDITO 220314               ;C;210510;S;4;S;S;N
21051005;CREDITO DAVIVIENDA #  228168            ;C;210510;S;4;S;S;N
21051006; CREDITO DAVIVIENDA #1732               ;C;210510;S;4;S;S;N
21051007;CREDITO DAVIVIENDA #0054                ;C;210510;S;4;S;S;N
210515;PARTICULARES                            ;C;2105;S;3;S;S;N
22;PROVEEDORES                             ;C;2;S;1;S;N;N
2205;NACIONALES                              ;C;22;S;2;S;N;N
220501;PROVEEDORES NACIONALES                  ;C;2205;S;3;S;S;S
23;CUENTAS POR PAGAR                       ;C;2;S;1;S;N;N
2335;COSTOS Y GASTOS POR PAGAR               ;C;23;S;2;S;N;N
233505;COSTOS Y GASTOS POR PAGAR               ;C;2335;S;0;S;S;N
233510;LEGALES                                 ;C;2335;S;3;S;S;N
233515;LIBROS,SUSCRIPCIONES,PERIODICOS Y RVISTA;C;2335;S;3;S;S;N
233520;COMISIONES                              ;C;2335;S;3;S;S;S
233525;HONORARIOS                              ;C;2335;S;3;S;S;N
233530;SERVICIOS TECNICOS                      ;C;2335;S;3;S;S;N
233535;SERVICIOS DE MANTENIMIENTO              ;C;2335;S;3;S;S;N
233540;ARRENDAMIENTOS                          ;C;2335;S;3;S;S;N
233545;TRANSPORTES FLETES Y ACARREOS           ;C;2335;S;3;S;S;N
233550;SERVICIOS PUBLICOS                      ;C;2335;S;3;S;S;N
233555;SEGUROS                                 ;C;2335;S;3;S;S;N
233560;SERVICIOS DE ASEO Y LIMPIEZA            ;C;2335;S;3;S;S;N
233565;RELACIONES PUBLICAS Y/O GTOS REPRESENT. ;C;2335;S;3;S;S;N
233570;SERVICIO DE MAQUILA                     ;C;2335;S;3;S;S;N
233595;OTROS                                   ;C;2335;S;3;S;S;N
2345;ACREEDORES OFICIALES                    ;C;23;S;0;S;N;N
234515;MUNICIPALES                             ;C;2345;S;0;S;S;N
2355;DEUDAS CON ACCIONISTAS O SOCIOS         ;C;23;S;2;S;N;N
235510;SOCIOS                                  ;C;2355;S;3;S;S;N
2357;DEUDAS CON DIRECTOS                     ;C;23;S;2;S;N;N
2360;DIVIDENDOS O PARTICIPACIONES POR PAGAR  ;C;23;S;2;S;N;N
236010;PARTICIPACIONES                         ;C;2360;S;3;S;N;N
2365;RETENCION EN LA FUENTE                  ;C;23;S;2;S;N;N
236505;INGRESOS LABORALES                      ;C;2365;S;3;N;N;N
23650501;RETENCION POR SALARIOS                  ;C;236505;S;4;S;S;S
236515;HONORARIOS                              ;C;2365;S;3;S;N;N
23651501;HONORARIOS DECLARANTES 11%              ;C;236515;S;0;S;S;N
23651502;HONORARIOS NO DECLARANTES 10%           ;C;236515;S;0;S;S;N
236520;COMISIONES                              ;C;2365;S;3;S;N;N
23652001;COMISIONES DECLARANTES 11%              ;C;236520;S;0;S;S;N
23652002;COMISIONES NO DECLARANTES 10%           ;C;236520;S;0;S;S;N
236525;SERVICIOS                               ;C;2365;S;3;S;N;N
23652501;SERVICIOS DECLARANTES 4%                ;C;236525;S;4;S;S;N
23652502;SERVICIOS NO DECLARANTES 6%             ;C;236525;S;0;S;S;N
23652503;FLETES Y ACARREOS 1%                    ;C;236525;S;4;S;S;N
23652504;SERVICIOS TEMPORALES 2%                 ;C;236525;S;4;S;S;N
23652505;SERVICIO X CONTRATO DE CONSTRUCCION Y OB;C;236525;S;4;S;S;N
23652506;PUENTE                                  ;C;236525;S;4;S;S;N
23652507;SERVICIO X DISE�O PAGINA WEB            ;C;236525;S;4;S;S;N
236530;ARRENDAMIENTOS                          ;C;2365;S;3;S;N;N
23653001;ARRENDAMIENTOS DE BIENES MUEBLES 4%     ;C;236530;S;0;S;S;N
23653002;ARRENDAMIENTO DE BIENES INMUEBLES 3.5%  ;C;236530;S;0;S;S;N
236535;INTERESES Y R.F                         ;C;2365;S;0;S;N;N
23653501;INTERESES Y RENDIMIENTOS FINANCIEROS 7% ;C;236535;S;0;S;S;N
236540;COMPRAS GENERALES                       ;C;2365;S;3;S;N;N
23654001;COMPRAS GENERALES (NO DECLARANTES) 3.5% ;C;236540;S;4;S;S;N
23654002;COMPRAS GENERALES (DECLARANTES) 2.5%    ;C;236540;S;0;S;S;N
23654003;COMPRA DE COMBUSTIBLE 0.1%              ;C;236540;S;4;S;S;N
23654004;COMPRAS NO DECLARANTES 3.5%             ;C;236540;S;4;S;S;N
23654005;COMPRAS A REG. SIMPLE 0.625%            ;C;236540;S;4;S;S;N
23654006;RETE FTE COMPRAS REG SIMPLE 1.25% (50% T;C;236540;S;4;S;S;N
236565;POR IMPUESTO DE TIMBRE                  ;C;2365;S;3;S;S;N
236570;OTRAS RETENCIONES                       ;C;2365;S;3;S;N;N
23657005;RENTAS DE TRABAJO                       ;C;236570;S;4;S;S;N
236575;ANTICIPO AUTORRETENCION CREE 0.4        ;C;2365;S;3;N;N;N
23657501;ANTICIPO AUTORRETENCION CREE 0.4 POR VEN;C;236575;S;4;S;S;N
236598;RETENCION EN LA FUENTE POR PAGAR        ;C;2365;S;3;N;N;S
23659805;PERIODO ACTUAL                          ;C;236598;S;4;S;S;S
2367;IMPUESTO A LAS VENTAS RETENIDO          ;C;23;S;0;S;N;N
236701;COMPRAS                                 ;C;2367;S;0;S;S;N
236702;SERVICIOS                               ;C;2367;S;0;S;S;N
236703;ARRIENDOS                               ;C;2367;S;0;S;S;N
2368;RETENCION POR ICA                       ;C;23;S;0;S;N;N
236801;RETE ICA COMPRAS DE MERCANCIAS NORMA ANT;C;2368;S;0;S;S;N
236802;RETE ICA POR SERVICIOS NORMA ANTERIOR   ;C;2368;S;0;S;S;N
236803;RETE ICA POR OTROS CONCEPTOS NORMA ANTER;C;2368;S;0;S;S;N
236804;RETENCION DE ICA PRACTICADA NUEVA NORMA ;C;2368;S;3;N;N;N
23680401;RETE ICA POR COMPRA DE MERCANCIA        ;C;236804;S;4;N;N;N
2368040101;RETE ICA TARIFA 4.8 X 1000              ;C;23680401;S;5;S;S;N
2368040102;RETE ICA TARIFA 5 X 1000                ;C;23680401;S;5;S;S;N
2368040103;RETE ICA TARIFA 5.2 X 1000              ;C;23680401;S;5;S;S;N
2368040104;RETE ICA TARIFA 6 X 1000                ;C;23680401;S;5;S;S;N
2368040105;RETE ICA TARIFA 7 X 1000                ;C;23680401;S;5;S;S;N
2368040106;RETE ICA TARIFA 11.04 X 1000            ;C;23680401;S;5;S;S;N
2368040107;RETE ICA X COMPRAS 5.4 X 1000           ;C;23680401;S;5;S;S;N
2368040108;RETE ICA TARIFA 9 X 1000                ;C;23680401;S;5;S;S;N
2368040109;RETE ICA POR COMPRAS A TARIFA DEL 7.2 X ;C;23680401;S;5;S;S;S
2368040110;RETE ICA TARIFA 2.2X1000                ;C;23680401;S;5;S;S;N
23680402;RETE ICA POR SERVICIOS                  ;C;236804;S;4;N;N;N
2368040201;RETE ICA POR SERVICIOS DEL 6X1000       ;C;23680402;S;5;S;S;N
2368040202;RETE ICA SERVICIOS TARIFA 7.2 X 1000    ;C;23680402;S;5;S;S;N
2368040203;RETE ICA POR SERVICIOS DEL 4X1000       ;C;23680402;S;5;S;S;S
2368040204;SERVICIOS 5.4 X 1000                    ;C;23680402;S;5;S;S;N
2368040205;SERICIOS 9 X 1000                       ;C;23680402;S;5;S;S;N
23680403;RETE ICA POR OTROS CONCEPTOS            ;C;236804;S;4;N;N;N
2368040301;RETE ICA POR OTROS CONCEPTOS            ;C;23680403;S;5;S;S;N
23680404;OTROS CONCEPTOS                         ;C;236804;S;4;N;N;N
2368040401;RETE ICA X AVISO Y TABLEROS (15%)       ;C;23680404;S;5;S;S;N
2368040402;RETE ICA X SOBRETASA BOMBERIL (10%)     ;C;23680404;S;5;S;S;N
23680410;RETE ICA TARIFA 2.2X1000                ;C;236804;S;4;S;S;N
236805;AUTORRETENCION DE ICA                   ;C;2368;S;3;N;N;N
23680501;AUTORRETENCION X VENTAS (4,8X1000)      ;C;236805;S;4;N;N;N
2368050101;AUTORETEICA TARIFA GENERAL 4,8X1000     ;C;23680501;S;5;S;S;N
2368050102;AUTORETEICA X AVISO Y TABLEROS (15%)    ;C;23680501;S;5;S;S;N
2368050103;AUTORETEICA X SOBRETASA BOMBERIL (10%)  ;C;23680501;S;5;S;S;N
2370;RETENCIONES Y APORTES DE NOMINA         ;C;23;S;2;S;N;N
237005;ENTIDADES PROMOTORAS DE SALUD           ;C;2370;S;3;S;N;N
23700502;EMPLEADO (4%)                           ;C;237005;S;0;S;S;N
237006;RIESGOS LABORALES                       ;C;2370;S;3;S;N;N
23700601;RIESGOS LABORALES SURA (EMPLEADOR)      ;C;237006;S;0;S;S;N
237010;APORTES A PARAFISCALES (EMPLEADOR)      ;C;2370;S;3;S;N;N
23701001;ICBF                                    ;C;237010;S;0;S;S;N
23701002;SENA                                    ;C;237010;S;0;S;S;N
23701003;CAJAS DE COMPENSACION                   ;C;237010;S;0;S;S;N
237045;FONDO DE PENSIONES                      ;C;2370;S;0;S;N;N
23704501;EMPLEADOR (12%)                         ;C;237045;S;0;S;S;N
23704502;EMPLEADO (4%)                           ;C;237045;S;0;S;S;N
23704503;FONDO DE SOLIDARIDAD PENSIONAL          ;C;237045;S;4;S;S;S
2380;ACREEDORES VARIOS                       ;C;23;S;2;S;N;N
238001;POLIZA GENERAL EMPRESA                  ;C;2380;S;0;S;S;N
238002;POLIZA VEHICULO                         ;C;2380;S;0;S;S;N
238005;AHORRO EMPLEADOS                        ;C;2380;S;0;S;S;N
238008;REINTEGROS POR PAGAR                    ;C;2380;S;3;S;N;N
238030;FONDO DE PENSIONES Y/O CESANTIAS        ;C;2380;S;3;S;S;N
238095;OTROS                                   ;C;2380;S;0;S;S;N
24;IMPUESTOS GRAVAMENES Y TASAS            ;C;2;S;1;S;N;N
2404;DE RENTA Y COMPLEMENTARIOS              ;C;24;S;0;S;N;N
240405;VIGENCIA FISCAL CORRIENTE               ;C;2404;S;0;S;S;N
2408;IMPUESTO A LAS VENTAS POR PAGAR         ;C;24;S;2;S;N;N
240801;IVA GENERADO                            ;C;2408;S;3;S;N;N
24080101;GENERADO POR VENTAS 19%                 ;C;240801;S;0;S;S;N
24080102;GENERADO POR VENTAS 5%                  ;C;240801;S;0;S;S;N
24080103;POR DEVOLUCIONES EN COMPRAS             ;C;240801;S;0;S;S;N
240802;IVA DESCONTABLE                         ;D;2408;S;3;S;N;N
24080201;DESCONTABLE POR COMPRAS 19%             ;D;240802;S;0;S;S;N
24080202;DESCONTABLE POR ARRENDAMIENTO B. INMUEBL;D;240802;S;0;S;S;N
24080203;SERVICIOS GRAVADOS 19%                  ;D;240802;S;0;S;S;N
24080204;DEVOLUCIONES EN VENTAS 19%              ;D;240802;S;0;S;S;N
24080205;IVA DESCONTABLE POR SERVICIOS 19%       ;D;240802;S;4;S;S;N
24080206;IVA DESCONTABLE X COMPRAS 5%            ;D;240802;S;4;S;S;N
24080207;IVA DESCONTABLE 5%                      ;D;240802;S;4;S;S;N
240805;IVA POR PAGAR                           ;C;2408;S;3;S;N;N
24080501;VIGENCIA FISCAL                         ;C;240805;S;0;S;S;N
2412;DE INDUSTRIA Y COMERCIO                 ;C;24;S;2;S;N;N
241205;VIGENCIA FISCAL CORRIENTE               ;C;2412;S;3;S;S;N
2436;DE VEHICULOS                            ;C;24;S;2;S;N;N
25;OBLIGACIONES LABORALES                  ;C;2;S;1;S;N;N
2505;SALARIOS POR PAGAR                      ;C;25;S;2;S;N;N
250501;SALARIOS POR PAGAR                      ;C;2505;S;0;S;S;N
250510;SUELDOS                                 ;C;2505;S;3;S;S;N
250515;AUXILIO DE TRANSPORTE                   ;C;2505;S;3;S;S;N
2510;CESANTIAS CONSOLIDADAS                  ;C;25;S;2;S;N;N
251001;CESANTIAS CONSOLIDADAS                  ;C;2510;S;0;S;S;N
251010;LEY 50/90 Y NORMAS POSTERIORES          ;C;2510;S;3;S;S;N
2515;INTERESES SOBRE CESANTIAS               ;C;25;S;2;S;N;N
251505;INTERESES SOBRE CESANTIAS               ;C;2515;S;3;S;S;S
2520;PRIMA DE SERVICIOS                      ;C;25;S;2;S;N;N
252005;PRIMA DE SERVICIOS                      ;C;2520;S;3;S;S;N
2525;VACACIONES CONSOLIDADAS                 ;C;25;S;2;S;N;N
252505;VACACIONES                              ;C;2525;S;3;S;S;S
2530;PRESTACIONES EXTRALEGALES               ;C;25;S;2;S;N;N
253015;DOTACION Y SUMINISTROS A TRABAJADORES   ;C;2530;S;3;S;S;N
26;PASIVOS ESTIMADOS Y PROVISIONES         ;C;2;S;1;S;N;N
2605;PARA COSTOS Y GASTOS                    ;C;26;S;2;S;N;N
260535;SERVICIOS PUBLICOS                      ;C;2605;S;3;S;S;N
2610;PARA OBLIGACIONES LABORALES             ;C;26;S;2;S;N;N
261005;CESANTIAS                               ;C;2610;S;3;S;S;N
261010;INTERESES SOBRE CESANTIAS               ;C;2610;S;3;S;S;N
261015;VACACIONES                              ;C;2610;S;3;S;S;N
261020;PRIMA DE SERVICIOS                      ;C;2610;S;3;S;S;N
2615;PARA OBLIGACIONES FISCALES              ;C;26;S;2;S;N;N
261505;DE RENTA Y COMPLEMENTARIOS              ;C;2615;S;3;S;S;N
261510;DE INDUSTRIA Y COMERCIO                 ;C;2615;S;3;S;S;N
28;OTROS PASIVOS                           ;C;2;S;1;S;N;N
2805;ANTICIPOS Y AVANCES RECIBIDOS           ;C;28;S;2;S;N;N
280505;DE CLIENTES                             ;C;2805;S;0;S;S;N
280510;SOBRE CONTRATOS                         ;C;2805;S;3;S;S;N
280595;OTROS                                   ;C;2805;S;0;S;N;N
28059501;CONSIGNACIONES NO IDENTIFICADAS         ;C;280595;S;0;S;S;N
28059502;ANTICIPO EMPLEADOS                      ;C;280595;S;4;S;S;N
2810;DEPOSITOS RECIBIDOS                     ;C;28;S;2;S;N;N
281005;OTROS                                   ;C;2810;S;3;S;S;N
281030;DE MANEJO DE BIENES                     ;C;2810;S;3;S;S;N
2815;INGRESOS RECIBIDOS PARA TERCEROS        ;C;28;S;2;N;N;N
281505;VALORES RECIBIDOS PARA TERCEROS-SISTECRE;C;2815;S;3;S;S;N
3;PATRIMONIO                              ;C;              ;S;0;S;N;N
31;CAPITAL                                 ;C;3;S;1;S;N;N
3105;Capital suscrito y pagado               ;C;31;S;2;S;N;N
310505;CAPITAL AUTORIZADO                      ;C;3105;S;3;S;S;N
3115;CUOTAS O PARTES DE INTERES SOCIAL       ;C;31;S;2;S;N;N
311505;CUOTAS O PARTES DE INTERES SOCIAL       ;C;3115;S;3;S;S;N
33;RESERVAS                                ;C;3;S;1;S;N;N
3305;RESERVAS OBLIGATORIAS                   ;C;33;S;2;S;N;N
330505;RESERVA LEGAL                           ;C;3305;S;3;S;S;N
3315;RESERVAS OCASIONALES                    ;C;33;S;2;S;N;N
331535;PARA CAPITAL DE TRABAJO                 ;C;3315;S;3;S;S;N
34;REVALORIZACION DEL PATRIMONIO           ;C;3;S;1;S;N;N
3405;Ajustes por inflacion                   ;C;34;S;2;S;N;N
340505;DE CAPITAL SOCIAL                       ;C;3405;S;3;S;S;N
340510;CUOTAS O PARTES DE INTERES SOCIAL       ;C;3405;S;3;S;S;N
340515;DE RESERVAS                             ;C;3405;S;3;S;S;N
340520;DE RESULTADOS DE EJERCICIOS ANTERIORES  ;C;3405;S;3;S;S;N
3410;DE SUPERAVIT DE CAPITAL                 ;C;34;S;2;S;N;N
3415;DE RESERVAS                             ;C;34;S;2;S;N;N
341505;OBLIGATORIAS                            ;C;3415;S;3;S;S;N
341510;ESTATUTARIAS                            ;C;3415;S;3;S;S;N
36;RESULTADOS DEL EJERCICIO                ;C;3;S;1;S;N;N
3605;UTILIDAD DEL EJERCICIO                  ;C;36;S;2;S;N;N
360505;UTILIDAD DEL EJERCICIO                  ;C;3605;S;3;S;S;N
3610;PERDIDA DEL EJERCICIO                   ;C;36;S;2;S;N;N
361001;PERDIDA DEL EJERCICIO                   ;C;3610;S;3;S;S;N
37;UTILIDADES ACUMULADAS                   ;C;3;S;1;S;N;N
3705;UTILIDADES ACUMULADAS                   ;C;37;S;2;S;N;N
370505;UTILIDADES ACUMULADAS                   ;C;3705;S;3;S;S;N
3710;PERDIDAS ACUMULADAS                     ;C;37;S;2;S;N;N
371005;PERDIDAS ACUMULADAS                     ;C;3710;S;3;S;S;N
38;SUPERAVIT POR VALORIZACIONES            ;C;3;S;1;S;N;N
3805;DE INVERSIONES                          ;C;38;S;2;S;N;N
380505;Acciones                                ;C;3805;S;3;S;S;N
3810;De propiedades, planta y equipo         ;C;38;S;2;S;N;N
381004;Terrenos                                ;C;3810;S;3;S;S;N
381008;Construcciones y edificaciones          ;C;3810;S;3;S;S;N
381016;Equipo de oficina                       ;C;3810;S;3;S;S;N
381020;Equipo de computacion y comunicacion    ;C;3810;S;3;S;S;N
4;INGRESOS                                ;C;              ;S;0;S;N;N
41;OPERACIONALES                           ;C;4;S;1;S;N;N
4135;COMERCIO AL POR MAYOR Y POR MENOR       ;C;41;S;2;S;N;N
413542;VENTA  DE MATERIALES PARA CONSTRUCC Y OR;C;4135;S;0;S;N;N
41354201;VENTAS GRAVADAS 19%                     ;C;413542;S;0;S;S;N
41354202;VENTAS EXCLUIDAS                        ;C;413542;S;0;S;S;N
41354203;VENTAS GRAVADAS DEL 5%                  ;C;413542;S;4;S;S;N
4175;DEVOLUCIONES EN VENTAS                  ;D;41;S;2;S;N;N
417501;DEVOLUCIONES EN VENTAS                  ;D;4175;S;0;S;S;N
42;NO OPERACIONALES                        ;C;4;S;1;S;N;N
4210;FINANCIEROS                             ;C;42;S;2;S;N;N
421005;INTERESES                               ;C;4210;S;3;S;N;N
42100501;RENDIMIENTOS CUENTAS DE AHORRO          ;C;421005;S;4;S;S;N
42100502;DESCUENTOS ARRIENDO                     ;C;421005;S;4;S;S;N
421025;FINANCIACION                            ;C;4210;S;3;S;S;N
421040;DESCUENTOS COMERCIALES CONDICIONADOS    ;C;4210;S;3;S;S;N
421099;AJUSTES POR INFLACION                   ;C;4210;S;3;S;S;N
4230;HONORARIOS                              ;C;42;S;0;S;N;N
423005;REVISORIA FISCAL                        ;C;4230;S;0;S;S;N
4245;UTILIDAD EN VENTA DE PROPIEDADES PLANTA ;C;42;S;0;S;N;N
424516;CONTRUCCIONES Y EDIFICACIONES           ;C;4245;S;0;S;S;N
424520;MAQUINARIA Y EQUIPO                     ;C;4245;S;0;S;S;N
424524;EQUIPO DE OFICINA                       ;C;4245;S;0;S;S;N
424528;EQUIPO DE COMPUTACION Y COMUNICACION    ;C;4245;S;0;S;S;N
424540;FLOTA Y EQUIPO DE TRANSPORTE            ;C;4245;S;0;S;S;N
4250;RECUPERACIONES                          ;C;42;S;2;S;N;N
425005;REPOSICION DE INVENTARIO                ;C;4250;S;3;S;S;N
425010;SEGUROS                                 ;C;4250;S;3;S;S;N
425030;DESCUENTOS CONCEDIDOS                   ;C;4250;S;3;S;N;N
42503001;DESCUENTOS CONCEDIDOS                   ;C;425030;S;4;S;S;S
425035;REINTEGRO PROVISIONES                   ;C;4250;S;3;S;N;N
42503501;REINTEGRO DE COSTO X PROVISION DE PS    ;C;425035;S;4;S;S;N
425050;REINTEGRO DE OTROS COSTOS Y GASTOS      ;C;4250;S;0;S;S;N
4255;INDEMNIZACIONES                         ;C;42;S;0;S;N;N
425540;POR INCAPACIDADES E.P.S                 ;C;4255;S;0;S;S;N
4295;DIVERSOS                                ;C;42;S;2;S;N;N
429505;APROVECHAMIENTOS                        ;C;4295;S;3;S;S;N
429551;EXCEDENTES C-10                         ;C;4295;S;0;S;S;N
429552;EXCEDENTES CAJA                         ;C;4295;S;0;S;S;N
429567;FOTOCOPIAS-UTILES-PAPELERIA             ;C;4295;S;3;S;S;N
429581;AJUSTE AL PESO                          ;C;4295;S;3;S;S;N
429599;AJUSTES POR INFLACION                   ;C;4295;S;3;S;S;N
47;AJUSTES POR INFLACION                   ;C;4;S;1;S;N;N
4705;CORRECCION MONETARIA                    ;C;47;S;2;S;N;N
470515;PROPIEDAD PLANTA Y EQUIPO (CR)          ;C;4705;S;3;S;S;N
470525;ACTIVOS DIFERIDOS                       ;C;4705;S;3;S;S;N
470530;OTROS ACTIVOS                           ;C;4705;S;3;S;S;N
470540;PATRIMONIO                              ;C;4705;S;3;S;S;N
470545;DEPRECIACION ACUMULADA                  ;C;4705;S;3;S;S;N
470565;INGRESOS OPERACIONALES                  ;C;4705;S;3;S;S;N
470570;INGRESOS NO OPERACIONALES               ;C;4705;S;3;S;S;N
470575;GASTOS OPERACIONALES                    ;C;4705;S;3;S;S;N
470585;GASTOS NO OPERACIONALES                 ;C;4705;S;3;S;S;N
470594;COSTO DE PRODUCCION O DE OPERACION      ;C;4705;S;3;S;S;N
5;GASTOS                                  ;D;              ;S;0;S;N;N
51;OPERACIONALES DE ADMON                  ;D;5;S;1;S;N;N
5105;GASTOS DE PERSONAL                      ;D;51;S;2;S;N;N
510506;SUELDOS                                 ;D;5105;S;3;S;S;N
510518;COMISIONES                              ;D;5105;S;0;S;S;N
510520;INCAPACIDADES                           ;D;5105;S;3;S;S;S
510524;INCAPACIDADES ASUMIDAS                  ;D;5105;S;3;S;S;N
510527;AUXILIO DE TRANSPORTE                   ;D;5105;S;3;S;S;N
510530;CESANTIAS                               ;D;5105;S;3;S;S;N
510533;INTERESES SOBRE CESANTIAS               ;D;5105;S;3;S;S;N
510536;PRIMA DE SERVICIOS                      ;D;5105;S;3;S;S;N
510539;VACACIONES                              ;D;5105;S;3;S;S;N
510542;PRIMAS EXTRALEGALES                     ;D;5105;S;3;S;S;N
510543;PRIMA DE EXCLUSIVIDAD                   ;D;5105;S;3;S;S;N
510544;PRIMA DE VACACIONES                     ;D;5105;S;3;S;S;N
510545;AUXILIO NO SALARIAL                     ;D;5105;S;3;S;S;N
510548;BONIFICACION ANUAL                      ;D;5105;S;3;S;S;N
510550;BONOS RECONOCIMIENTO EMPLEADOS          ;D;5105;S;3;S;S;N
510551;DOTACION Y SUMINISTRO                   ;D;5105;S;3;S;S;N
510554;SEGUROS                                 ;D;5105;S;3;S;S;N
510563;CAPACITACION AL PERSONAL                ;D;5105;S;3;S;S;N
510566;GASTOS DEPORTIVOS Y DE RECREACION       ;D;5105;S;3;S;S;N
510568;ADMINISTRADORA DE RIESGOS               ;D;5105;S;3;S;S;N
510569;EPS                                     ;D;5105;S;3;S;S;N
510570;PENSIONES                               ;D;5105;S;3;S;S;N
510572;COMFENALCO                              ;D;5105;S;3;S;S;N
510575;ICBF                                    ;D;5105;S;3;S;S;N
510578;SENA                                    ;D;5105;S;3;S;S;N
510580;ISS INDEPENDIENTE                       ;D;5105;S;0;S;S;N
510581;APORTES FONDO DE EMPLEADOS              ;D;5105;S;3;S;S;N
510584;GASTOS MEDICOS Y DROGAS                 ;D;5105;S;0;S;S;N
510595;OTROS                                   ;D;5105;S;3;S;S;N
510597;TRASLADO A COSTOS                       ;D;5105;S;3;S;S;N
510599;AJUSTES POR INFLACION                   ;D;5105;S;3;S;S;N
5110;HONORARIOS                              ;D;51;S;2;S;N;N
511005;JUNTA DIRECTIVA                         ;D;5110;S;3;S;S;N
511010;REVISORIA FISCAL                        ;D;5110;S;3;S;S;N
511015;AUDITORIA EXTERNA                       ;D;5110;S;3;S;S;N
511025;ASESORIA JURIDICA                       ;D;5110;S;3;S;S;N
511030;ASESORIA FINANCIERA                     ;D;5110;S;3;S;S;N
511035;ASESORIA TECNICA                        ;D;5110;S;0;S;S;N
511040;SEGURIDAD INDUSTRIAL                    ;D;5110;S;3;S;S;N
511095;OTROS                                   ;D;5110;S;3;S;N;N
51109501;ASESORIA CONTABLE                       ;D;511095;S;4;S;S;N
51109502;APOYO COMERCIAL                         ;D;511095;S;4;S;S;N
51109503;ASESORIA INFORMATICA Y PROGRAMACION     ;D;511095;S;4;S;S;N
511097;TRASLADO A COSTOS DE SERVICIOS          ;D;5110;S;3;S;S;N
511099;AJUSTES POR INFLACION                   ;D;5110;S;3;S;S;N
5115;IMPUESTOS                               ;D;51;S;2;S;N;N
511505;INDUSTRIA Y COMERCIO                    ;D;5115;S;3;S;S;N
511515;A LA PROPIEDAD RAIZ                     ;D;5115;S;3;S;S;N
511525;VALORIZACION                            ;D;5115;S;0;S;S;N
511540;DE VEHICULOS                            ;D;5115;S;3;S;S;N
511545;IMPUESTO AL CONSUMO                     ;D;5115;S;3;S;S;N
511595;OTROS                                   ;D;5115;S;3;S;N;N
51159501;REGISTRO                                ;D;511595;S;4;S;S;N
51159502;IVA ASUMIDO EN GASTOS                   ;D;511595;S;4;S;S;N
51159503;IMPO CONSUMO CELULARES                  ;D;511595;S;4;S;S;N
51159504;IMPUESTO AL CONSUMO RESTAURANTES        ;D;511595;S;4;S;S;N
51159505;IMPUESTO ALUMBRADO PUBLICO              ;D;511595;S;4;S;S;N
51159506;IMPOCONSUMO BOLSAS PLASTICAS            ;D;511595;S;4;S;S;N
511599;AJUSTES POR INFLACION                   ;D;5115;S;3;S;S;N
5120;ARRENDAMIENTOS                          ;D;51;S;2;S;N;N
512010;CONSTRUCCIONES Y EDIFICACIONES          ;D;5120;S;3;S;S;N
512020;MAQUINARIA Y EQUIPO                     ;D;5120;S;3;S;S;N
512040;FLOTA Y EQUIPO DE TRANSPORTE            ;D;5120;S;3;S;S;N
512095;OTROS                                   ;D;5120;S;0;S;S;N
512097;TRASLADO A COSTOS DE SERVICIOS          ;D;5120;S;3;S;S;N
512099;AJUSTES POR INFLACION                   ;D;5120;S;3;S;S;N
5125;CONTRIBUCIONES  Y AFILIACIONES          ;D;51;S;2;S;N;N
512505;CONTRIBUCIONES                          ;D;5125;S;0;S;S;N
512510;AFILIACIONES Y SOSTENIMIENTO            ;D;5125;S;3;S;S;N
512599;AJUSTES POR INFLACION                   ;D;5125;S;3;S;S;N
5130;SEGUROS                                 ;D;51;S;2;S;N;N
513005;MANEJO                                  ;D;5130;S;3;S;S;N
513010;SEGURO CREDITOS                         ;D;5130;S;3;S;S;N
513020;VIDA COLECTIVA                          ;D;5130;S;0;S;S;N
513025;INCENDIO                                ;D;5130;S;3;S;S;N
513035;SUSTRACCION Y HURTO                     ;D;5130;S;3;S;S;N
513040;FLOTA Y EQUIPO DE TRANSPORTE            ;D;5130;S;3;S;S;N
513045;POLIZA GENERAL EMPRESA                  ;D;5130;S;0;S;S;N
513050;SEGURO FALABELLA                        ;D;5130;S;0;S;S;N
513070;ROTURA DE MAQUINARIA                    ;D;5130;S;3;S;S;N
513095;OTROS                                   ;D;5130;S;3;S;S;N
513097;TRASLADO A COSTOS DE SERVICIOS          ;D;5130;S;3;S;S;N
513099;AJUSTES POR INFLACION                   ;D;5130;S;3;S;S;N
5135;SERVICIOS                               ;D;51;S;2;S;N;N
513505;ASEO Y VIGILANCIA                       ;D;5135;S;3;S;S;N
513510;ADMINISTRACION                          ;D;5135;S;3;S;S;N
513515;ASISTENCIA TéCNICA                     ;D;5135;S;0;S;S;N
513525;ACUEDUCTO Y ALCANTARILLADO              ;D;5135;S;3;S;S;N
513530;ENERGíA ELéCTRICA                     ;D;5135;S;3;S;S;N
513535;TELéFONO                               ;D;5135;S;3;S;S;N
513540;MENSAJERIA, ENVIOS Y DOMICILIOS         ;D;5135;S;3;S;S;N
513545;FAX Y TELEX                             ;D;5135;S;3;S;S;N
513550;TRANSPORTE FLETES Y ACARREOS            ;D;5135;S;3;S;S;N
513555;GAS                                     ;D;5135;S;3;S;S;N
513595;OTROS                                   ;D;5135;S;3;S;N;N
51359501;DESCARGUES                              ;D;513595;S;4;S;S;N
51359502;MAQUILA                                 ;D;513595;S;4;S;S;N
51359503;POR SERVICIOS AUXILIAR CONTABLE         ;D;513595;S;0;S;S;N
51359504;PRESTACION SERVICIOS                    ;D;513595;S;4;S;S;N
51359505;PRUEBAS PSICOTECNICAS                   ;D;513595;S;4;S;S;N
51359506;EXAMENES MEDICOS SSGT                   ;D;513595;S;4;S;S;N
513599;AJUSTES POR INFLACION                   ;D;5135;S;3;S;S;N
5140;GASTOS LEGALES                          ;D;51;S;2;S;N;N
514005;NOTARIALES                              ;D;5140;S;3;S;S;N
514010;REGISTRO MERCANTIL                      ;D;5140;S;3;S;S;N
514015;TRAMITES Y LICENCIAS                    ;D;5140;S;3;S;S;N
514095;OTROS                                   ;D;5140;S;3;S;N;N
51409501;CERTIFICADOS                            ;D;514095;S;4;S;S;N
51409502;OTROS                                   ;D;514095;S;4;S;S;S
514099;AJUSTES POR INFLACION                   ;D;5140;S;3;S;S;N
5145;MANTENIMIENTO Y REPARACIONES            ;D;51;S;2;S;N;N
514510;CONSTRUCCIONES Y EDIFICACIONES          ;D;5145;S;3;S;S;N
514515;MAQUINARIA Y EQUIPO                     ;D;5145;S;3;S;S;N
514520;EQUIPO DE OFICINA                       ;D;5145;S;3;S;S;N
514525;EQUIPO DE COMPUTACION Y COMUNICACION    ;D;5145;S;3;S;S;N
514540;FLOTA Y EQUIPO DE TRANSPORTE            ;D;5145;S;3;S;S;N
514595;OTROS                                   ;D;5145;S;3;S;S;S
514597;TRASLADO A COSTOS DE SERVICIOS          ;D;5145;S;3;S;S;N
514599;AJUSTES POR INFLACION                   ;D;5145;S;3;S;S;N
5150;ADECUACION E INSTALACION                ;D;51;S;2;S;N;N
515005;INSTALACIONES ELECTRICAS                ;D;5150;S;3;S;S;N
515006;ADECUACION REFUERZO PARA BURRO          ;D;5150;S;0;S;S;N
515010;CONSTRUCCIONES  Y EDIFICACIONES         ;D;5150;S;0;S;S;N
515015;REPARACIONES LOCATIVAS                  ;D;5150;S;3;S;S;N
515095;OTROS                                   ;D;5150;S;0;S;S;N
515099;AJUSTES POR INFLACION                   ;D;5150;S;3;S;S;N
5155;GASTOS DE VIAJE                         ;D;51;S;2;S;N;N
515505;ALOJAMIENTO Y MANUTENCION               ;D;5155;S;3;S;S;N
515515;PASAJES AEREOS                          ;D;5155;S;3;S;S;N
515520;PASAJES TERRESTRES                      ;D;5155;S;3;S;S;N
515595;OTROS                                   ;D;5155;S;3;S;N;N
51559501;PARQUEADEROS                            ;D;515595;S;4;S;S;N
51559502;PEAJES                                  ;D;515595;S;4;S;S;N
515599;AJUSTES POR INFLACION                   ;D;5155;S;3;S;S;N
5160;DEPRECIACION ACUMULADA                  ;D;51;S;2;S;N;N
516005;CONSTRUCCIONES Y EDIFICACION            ;D;5160;S;0;S;S;N
516010;MAQUINARIA Y EQUIPO                     ;D;5160;S;3;S;S;N
516015;EQUIPO DE OFICINA                       ;D;5160;S;3;S;S;N
516020;EQUIPO DE COMPUTACION                   ;D;5160;S;3;S;S;N
516025;EQUIPO MEDICO Y CIENTIFICO              ;D;5160;S;3;S;S;N
516035;FLOTA Y EQUIPO DE TRANSPORTE            ;D;5160;S;3;S;S;N
516040;FLOTA Y EQUIPO DE TRANSPORTE            ;D;5160;S;0;S;S;N
516097;TRASLADO A COSTOS DE SERVICIOS          ;D;5160;S;3;S;S;N
516099;AJUSTES POR INFLACION                   ;D;5160;S;3;S;S;N
5195;DIVERSOS                                ;D;51;S;2;S;N;N
519510;LIBROS-SUSCRIPC-PERIODICOS Y REVISTAS   ;D;5195;S;3;S;S;N
519520;GASTOS DE REPRESENTACION Y REL PUBLICAS ;D;5195;S;3;S;S;N
519525;ELEMENTOS DE ASEO Y CAFETERIA           ;D;5195;S;3;S;S;N
519530;UTILES  PAPELERIA Y FOTOCOPIAS          ;D;5195;S;3;S;S;N
519535;COMBUSTIBLES                            ;D;5195;S;3;S;S;N
519540;ENVASES Y EMPAQUE                       ;D;5195;S;3;S;S;N
519545;TAXIS Y BUSES                           ;D;5195;S;3;S;S;N
519550;ESTAMPILLAS                             ;D;5195;S;3;S;S;N
519560;CASINOS Y RESTAURANTES                  ;D;5195;S;0;S;S;N
519561;HOTELES                                 ;D;5195;S;3;S;S;N
519565;PARQUEADEROS                            ;D;5195;S;0;S;S;N
519570;EMERGENCIA SANITARIA                    ;D;5195;S;3;S;S;N
519575;MEDICAMENTOS, ELEMENTOS BOTIQUIN        ;D;5195;S;3;S;S;N
519580;GASTOS NO DEDUCIBLES                    ;D;5195;S;0;S;S;N
519595;OTROS                                   ;D;5195;S;3;S;S;N
519597;TRASLADO A COSTOS DE SERVICIOS          ;D;5195;S;3;S;S;N
519599;AJUSTES POR INFLACION                   ;D;5195;S;3;S;S;N
52;OPERACIONALES DE VENTA                  ;D;5;S;1;S;N;N
5205;GASTOS DE PERSONAL                      ;D;52;S;2;S;N;N
520506;SUELDOS                                 ;D;5205;S;3;S;S;N
520515;REPARACIONES LOCATIVAS                  ;D;5205;S;3;S;S;N
520518;COMISION                                ;D;5205;S;0;S;S;N
520524;INCAPACIDADES                           ;D;5205;S;3;S;S;N
520527;AUXILIO DE TRANSPORTE                   ;D;5205;S;3;S;S;N
520530;CESANTIAS                               ;D;5205;S;3;S;S;N
520533;INTERESES SOBRE CESANTIAS               ;D;5205;S;3;S;S;N
520536;PRIMA DE SERVICIOS                      ;D;5205;S;3;S;S;N
520539;VACACIONES                              ;D;5205;S;3;S;S;N
520542;PRIMAS EXTRALEGALES                     ;D;5205;S;3;S;S;N
520551;DOTACION Y SUMINISTRO A TRABAJADORES    ;D;5205;S;3;S;S;N
520563;CAPACITACION AL PERSONAL                ;D;5205;S;3;S;S;N
520569;APORTES AL ISS                          ;D;5205;S;3;S;S;N
520572;APORTES CAJAS DE COMPENSACION FAMILIAR  ;D;5205;S;3;S;S;N
520575;APORTES ICBF                            ;D;5205;S;3;S;S;N
520578;APORTES SENA                            ;D;5205;S;3;S;S;N
520595;OTROS                                   ;D;5205;S;3;S;S;N
520599;AJUSTES POR INFLACION                   ;D;5205;S;3;S;S;N
5210;HONORARIOS                              ;D;52;S;2;S;N;N
521010;REVISORIA FISCAL                        ;D;5210;S;3;S;S;N
521099;AJUSTES POR INFLACION                   ;D;5210;S;3;S;S;N
5215;IMPUESTOS                               ;D;52;S;2;S;N;N
521505;INDUSTRIA Y COMERCIO                    ;D;5215;S;3;S;S;N
521515;A LA PROPIEDAD RAIZ                     ;D;5215;S;3;S;S;N
521540;DE VEHICULOS                            ;D;5215;S;3;S;S;N
521599;AJUSTES POR INFLACION                   ;D;5215;S;3;S;S;N
5235;SERVICIOS                               ;D;52;S;2;S;N;N
523505;ASEO Y VIGILANCIA                       ;D;5235;S;3;S;S;N
523525;ACUEDUCTO Y ALCANTARILLADO              ;D;5235;S;3;S;S;N
523530;ENERGIA ELECTRICA                       ;D;5235;S;3;S;S;N
523540;CORREO, PORTES Y TELEGRAMAS             ;D;5235;S;3;S;S;N
523545;FAX Y TELEX                             ;D;5235;S;3;S;S;N
523550;TRANSPORTE, FLETES Y ACARREOS           ;D;5235;S;3;S;S;N
523555;GAS                                     ;D;5235;S;3;S;S;N
523560;PUBLICIDAD                              ;D;5235;S;3;S;S;N
523595;OTROS                                   ;D;5235;S;3;S;S;N
523599;AJUSTES POR INFLACION                   ;D;5235;S;3;S;S;N
5240;GASTOS LEGALES                          ;D;52;S;2;S;N;N
524005;NOTARIALES                              ;D;5240;S;3;S;S;N
524010;REGISTRO MERCANTIL                      ;D;5240;S;3;S;S;N
524015;TRAMITES Y LICENCIAS                    ;D;5240;S;3;S;S;N
524095;OTROS                                   ;D;5240;S;3;S;S;N
524099;AJUSTES POR INFLACION                   ;D;5240;S;3;S;S;N
5245;MANTENIMIENTO Y REPARACIONES            ;D;52;S;2;S;N;N
524520;EQUIPO DE OFICINA                       ;D;5245;S;3;S;S;N
524525;EQUIPO DE COMPUTACION Y COMUNICACION    ;D;5245;S;3;S;S;N
524599;AJUSTES POR INFLACION                   ;D;5245;S;3;S;S;N
5250;ADECUACION E INSTALACION                ;D;52;S;2;S;N;N
525005;INSTALACIONES ELECTRICAS                ;D;5250;S;3;S;S;N
525095;OTROS                                   ;D;5250;S;3;S;N;N
52509501;IMPLEMENTOS PARA ADECUAR EVENTOS PROMOCI;D;525095;S;4;S;S;N
525099;AJUSTES POR INFLACION                   ;D;5250;S;3;S;S;N
5255;GASTOS DE VIAJE                         ;D;52;S;2;S;N;N
525515;PASAJES AEREOS                          ;D;5255;S;3;S;S;N
525520;PASAJES TERRESTRES                      ;D;5255;S;3;S;S;N
525595;OTROS                                   ;D;5255;S;3;S;S;N
525599;AJUSTES POR INFLACION                   ;D;5255;S;3;S;S;N
5260;DEPRECIACIONES                          ;D;52;S;2;S;N;N
526015;EQUIPO DE OFICINA                       ;D;5260;S;3;S;S;N
526020;EQUIPO DE COMPUTACION Y COMUNICACION    ;D;5260;S;3;S;S;N
526099;AJUSTES POR INFLACION                   ;D;5260;S;3;S;S;N
5295;DIVERSOS                                ;D;52;S;2;S;N;N
529560;PUBLICIDAD Y PROPAGANDA                 ;D;5295;S;3;S;S;N
529599;AJUSTES POR INFLACION                   ;D;5295;S;3;S;S;N
53;NO OPERACIONALES                        ;D;5;S;1;S;N;N
5305;FINANCIEROS                             ;D;53;S;2;S;N;N
530505;GASTOS BANCARIOS                        ;D;5305;S;3;S;N;N
53050501;CUOTA DE MANEJO                         ;D;530505;S;4;S;S;N
53050502;IVA                                     ;D;530505;S;0;S;S;N
53050503;CUOTA MANEJO                            ;D;530505;S;0;S;S;N
53050504;CHEQUERA                                ;D;530505;S;0;S;S;N
53050505;COBRO DEPOSITOS LOCALES                 ;D;530505;S;4;S;S;S
53050506;OTROS                                   ;D;530505;S;4;S;S;S
53050540;FONDO NACIONAL DE GARANTIAS             ;D;530505;S;0;S;S;N
53050550;OTROS GASTOS ESTUDIO DE CREDITO         ;D;530505;S;0;S;S;N
530510;GMF                                     ;D;5305;S;0;S;S;N
530515;COMISIONES                              ;D;5305;S;3;S;S;N
530520;INTERESES                               ;D;5305;S;3;S;N;N
53052001;INTERESES MORATORIOS                    ;D;530520;S;4;S;S;N
53052002;INTERESES CREDITO                       ;D;530520;S;4;S;S;S
53052003;INTERESES SOBREGIRO                     ;D;530520;S;4;S;S;N
53052004;INTERESES                               ;D;530520;S;4;S;S;N
530535;DESCUENTOS COMERCIALES CONDICIONADOS    ;D;5305;S;0;S;S;N
530540;COMISION DATAFONO REDEBAN               ;D;5305;S;0;S;S;N
530595;GASTO FINANCIERO X CESION CONT. SISTECRE;D;5305;S;3;S;S;N
530599;AJUSTES POR INFLACION                   ;D;5305;S;3;S;S;N
5310;PERDIDA EN VENTA Y RETIRO DE BIENES     ;D;53;S;0;S;N;N
531010;PERDIDA EN VENTA DE OTROS ACTIVOS       ;D;5310;S;3;S;S;N
531015;VENTA DE PROPIEDAD PLANTA Y EQUIPO      ;D;5310;S;0;S;S;N
531040;PERDIDAS POR SINIESTROS                 ;D;5310;S;3;S;S;N
531095;OTROS                                   ;D;5310;S;0;S;S;N
531099;AJUSTES POR INFLACION                   ;D;5310;S;3;S;S;N
5315;GASTOS EXTRAORDINARIOS                  ;D;53;S;2;S;N;N
531520;IMPUESTOS ASUMIDOS                      ;D;5315;S;3;S;S;N
5395;GASTOS DIVERSOS                         ;D;53;S;2;S;N;N
539520;SANCIONES                               ;D;5395;S;3;S;S;N
539525;DONACIONES                              ;D;5395;S;3;S;S;N
539552;FALTANTE CAJA GENERAL                   ;D;5395;S;0;S;S;N
539581;AJUSTE AL PESO                          ;D;5395;S;3;S;S;N
539595;OTROS                                   ;D;5395;S;3;S;S;N
539599;AJUSTES POR INFLACION                   ;D;5395;S;3;S;S;N
54;IMPUESTO DE RENTA                       ;D;5;S;1;S;N;N
5405;IMPUESTO DE RENTA Y COMPLEMENTARIOS     ;D;54;S;2;S;N;N
540505;IMPUESTO DE RENTA Y COMPLEMENTARIO      ;D;5405;S;3;S;S;N
59;GANANCIAS Y PERDIDAS                    ;D;5;S;1;S;N;N
5905;GANANCIAS Y PERDIDAS                    ;D;59;S;2;S;N;N
590505;GANANCIAS Y PERDIDAS                    ;D;5905;S;3;S;S;N
6;COSTOS                                  ;D;              ;S;0;S;N;N
61;COSTO DE VENTAS                         ;D;6;S;1;S;N;N
6135;COSTO DE VENTAS                         ;D;61;S;0;S;N;N
613542;COSTO DE VENTAS                         ;D;6135;S;0;S;N;N
61354201;COSTO DE VENTAS GRAVADAS 19%            ;D;613542;S;0;S;S;N
61354202;COSTO DE VENTAS NO GRAVADADAS           ;D;613542;S;0;S;S;N
61354203;COSTO GRAVADO 5%                        ;D;613542;S;4;S;S;N
6155;ACTIVIDADES EMPRESARIALES               ;D;61;S;2;S;N;N
615530;CONSULTORIA EN PROGRAMAS DE INFORMATICA ;D;6155;S;3;S;N;N
61553001;LICENCIAS PARA LA VENTA                 ;D;615530;S;4;S;S;N
6160;ENSE�ANZA                               ;D;61;S;2;S;N;N
616005;ACTIVIDADES RELACIONADAS CON EDUCACION  ;D;6160;S;3;S;S;N
616099;AJUSTES POR INFLACION                   ;D;6160;S;3;S;S;N
62;COMPRAS                                 ;D;6;S;1;S;N;N
6205;DE MERCANCIAS                           ;D;62;S;2;S;N;N
620599;AJUSTES POR INFLACION                   ;D;6205;S;3;S;S;N
6225;DEVOLUCIONES EN COMPRAS                 ;C;62;S;2;S;N;N
622599;AJUSTES POR INFLACION                   ;C;6225;S;3;S;S;N
7;COSTOS DE PRODUCCION O DE OPERACION     ;D;              ;S;0;S;N;N
72;MANO DE OBRA DIRECTA                    ;D;7;S;1;S;N;N
7205;GASTOS DE PERSONAL                      ;D;72;S;2;S;N;N
720506;SUELDOS                                 ;D;7205;S;3;S;S;N
720527;SUBSIDIO DE TRANSPORTE                  ;D;7205;S;3;S;S;N
720530;CESANTIAS                               ;D;7205;S;3;S;S;N
720533;INTERESES SOBRE CESANTIAS               ;D;7205;S;3;S;S;N
720536;PRIMA DE SERVICIOS                      ;D;7205;S;3;S;S;N
720539;VACACIONES                              ;D;7205;S;3;S;S;N
720542;PRIMA EXTRALEGAL DE HABITACION          ;D;7205;S;3;S;S;N
720543;PRIMA DE EXCLUSIVIDAD                   ;D;7205;S;3;S;S;N
720544;PRIMA DE VACACIONES                     ;D;7205;S;3;S;S;N
720545;SUBSIDIO DE ALIMENTACION                ;D;7205;S;3;S;S;N
720548;BONIFICACION ANUAL                      ;D;7205;S;3;S;S;N
720551;DOTACION Y SUMINISTRO A TRABAJADORES    ;D;7205;S;3;S;S;N
720554;SEGUROS                                 ;D;7205;S;3;S;S;N
720569;APORTES AL ISS                          ;D;7205;S;3;S;S;N
720571;APORTES A CAJA DE COMPENSACION          ;D;7205;S;3;S;S;N
720575;APORTES ICBF                            ;D;7205;S;3;S;S;N
720578;APORTES SENA                            ;D;7205;S;3;S;S;N
720581;APORTES FONDO DE EMPLEADOS              ;D;7205;S;3;S;S;N
720597;TRASLADO A COSTO VTAS Y PREST DE SERVICI;D;7205;S;3;S;S;N
720599;AJUSTES POR INFLACION                   ;D;7205;S;3;S;S;N
7210;HONORARIOS                              ;D;72;S;2;S;N;N
721095;OTROS                                   ;D;7210;S;3;S;S;N
721097;TRASLADO A COSTO DE VTAS Y PREST DE SERV;D;7210;S;3;S;S;N
721099;AJUSTES POR INFLACION                   ;D;7210;S;3;S;S;N
73;COSTOS INDIRECTOS                       ;D;7;S;1;S;N;N
7305;GASTOS DE PERSONAL                      ;D;73;S;2;S;N;N
730506;SUELDOS                                 ;D;7305;S;3;S;S;N
730527;SUBSIDIO DE TRANSPORTE                  ;D;7305;S;3;S;S;N
730530;CESANTIAS                               ;D;7305;S;3;S;S;N
730533;INTERESES SOBRE CESANTIAS               ;D;7305;S;3;S;S;N
730536;PRIMA DE SERVICIOS                      ;D;7305;S;3;S;S;N
730539;VACACIONES                              ;D;7305;S;3;S;S;N
730542;PRIMA EXTRALEGAL DE HABITACION          ;D;7305;S;3;S;S;N
730543;PRIMA DE EXCLUSIVIDAD                   ;D;7305;S;3;S;S;N
730544;PRIMA DE VACACIONES                     ;D;7305;S;3;S;S;N
730545;SUBSIDIO DE ALIMENTACION                ;D;7305;S;3;S;S;N
730548;BONIFICACION ANUAL                      ;D;7305;S;3;S;S;N
730551;DOTACION Y SUMINISTRO A TRABAJADORES    ;D;7305;S;3;S;S;N
730554;SEGUROS                                 ;D;7305;S;3;S;S;N
730563;CAPACITACION AL PERSONAL                ;D;7305;S;3;S;S;N
730566;GASTOS DEPORTIVOS Y DE RECREACION       ;D;7305;S;3;S;S;N
730569;APORTES AL ISS                          ;D;7305;S;3;S;S;N
730571;APORTES A CAJAS DE COMPENSACION.        ;D;7305;S;3;S;S;N
730575;APORTES ICBF                            ;D;7305;S;3;S;S;N
730578;APORTES SENA                            ;D;7305;S;3;S;S;N
730581;APORTES FONDO DE EMPLEADOS              ;D;7305;S;3;S;S;N
730595;OTROS                                   ;D;7305;S;3;S;S;N
730597;TRASLADO A COSTO DE VTAS Y PREST DE SERV;D;7305;S;3;S;S;N
730599;AJUSTES POR INFLACION                   ;D;7305;S;3;S;S;N
7310;HONORARIOS                              ;D;73;S;2;S;N;N
731095;OTROS                                   ;D;7310;S;3;S;S;N
731097;TRASLADO A COSTO DE VTAS Y PREST DE SERV;D;7310;S;3;S;S;N
731099;ALUSTES POR INFLACION                   ;D;7310;S;3;S;S;N
7315;IMPUESTOS                               ;D;73;S;2;S;N;N
731540;DE VEHICULOS                            ;D;7315;S;3;S;S;N
7320;ARRENDANIENTOS                          ;D;73;S;2;S;N;N
732010;CONSTRUCCCIONES Y EDIFICACIONES         ;D;7320;S;3;S;S;N
732095;OTROS                                   ;D;7320;S;3;S;S;N
732097;TRASLADO A COSTO DE VTAS Y DE PREST SERV;D;7320;S;3;S;S;N
7330;SEGUROS                                 ;D;73;S;2;S;N;N
733005;MANEJO                                  ;D;7330;S;3;S;S;N
733010;CUMPLIMIENTO                            ;D;7330;S;3;S;S;N
733025;INCENDIO                                ;D;7330;S;3;S;S;N
733035;SUSTRACCION                             ;D;7330;S;3;S;S;N
733040;FLOTA Y EQUIPO DE TRANSPORTE            ;D;7330;S;3;S;S;N
733060;RESPONSABILIDAD CIVIL EXTRACONTRACTUAL  ;D;7330;S;3;S;S;N
733070;ROTURA DE MAQUINARIA                    ;D;7330;S;3;S;S;N
733095;OTROS                                   ;D;7330;S;3;S;S;N
733097;TRASLADO A COSTO VTAS Y PREST DE SERVIC ;D;7330;S;3;S;S;N
733099;AJUSTES POR INFLACION                   ;D;7330;S;3;S;S;N
7335;SERVICIOS                               ;D;73;S;2;S;N;N
733520;PROCESAMIENTO ELECTRONICO DE DATOS      ;D;7335;S;3;S;S;N
733595;OTROS                                   ;D;7335;S;3;S;S;N
733597;TRASLADO A COSTO VTAS Y PREST DE SERVIC ;D;7335;S;3;S;S;N
733599;AJUSTES POR INFLACION                   ;D;7335;S;3;S;S;N
7345;MANTENIMIENTO Y REPARACIONES            ;D;73;S;2;S;N;N
734510;CONSTRUCCIONES Y EDIFICACIONES          ;D;7345;S;3;S;S;N
734515;MAQUINARIA Y EQUIPO                     ;D;7345;S;3;S;S;N
734520;EQUIPO DE OFICINA                       ;D;7345;S;3;S;S;N
734525;EQUIPO DE COMPUTACION Y COMUNICACION    ;D;7345;S;3;S;S;N
734540;FLOTA Y EQUIPO DE TRANSPORTE            ;D;7345;S;3;S;S;N
734597;TRASLADO A COSTO  VTAS Y PREST DE SERVIC;D;7345;S;3;S;S;N
734599;AJUSTES POR INFLACION                   ;D;7345;S;3;S;S;N
7360;DEPRECIACIONES                          ;D;73;S;2;S;N;N
736010;MAQUINARIA Y EQUIPO                     ;D;7360;S;3;S;S;N
736015;EQUIPO DE OFICINA                       ;D;7360;S;3;S;S;N
736020;EQUIPO DE COMPUTACION Y COMUNICACION    ;D;7360;S;3;S;S;N
736025;EQUIPO MEDICO Y CIENTIFICO              ;D;7360;S;3;S;S;N
736035;FLOTA Y EQUIPO DE TRANSPORTE            ;D;7360;S;3;S;S;N
736097;TRASLADO A COSTO VTAS Y PREST DE SERVIC ;D;7360;S;3;S;S;N
736099;AJUSTES POR INFLACION                   ;D;7360;S;3;S;S;N
7395;DIVERSOS                                ;D;73;S;2;S;N;N
739510;LIBROS-SUSCRIP-PERIODICOS-REVISTAS      ;D;7395;S;3;S;S;N
739525;ELEMENTOS DE ASEO Y CAFETERIA           ;D;7395;S;3;S;S;N
739530;UTILES-PAPELERIA-FPTOCOPIAS             ;D;7395;S;3;S;S;N
739535;COMBUSTIBLES Y LUBRICANTES              ;D;7395;S;3;S;S;N
739545;TAXIS BUSES                             ;D;7395;S;3;S;S;N
739595;OTROS                                   ;D;7395;S;3;S;S;N
739597;TRASLADO A COSTO VTAS Y PREST DE SERVIC ;D;7395;S;3;S;S;N
739599;AJUSTES POR INFLACION                   ;D;7395;S;3;S;S;N
